Variable,Importance
qanon,0.05791637069405302
mom,0.024470699539670758
lost,0.013568361516537104
family,0.01290547272798276
dad,0.010588558589211847
help,0.010579777303319673
covid,0.008905309660329456
friend,0.008210278907542414
parents,0.007951621318343276
biden,0.007848557595469857
qmom,0.007391968845447196
mother,0.00626301956336432
brother,0.006191782073844275
government,0.006086321615453852
world,0.005923357152481516
anon,0.005876836622302531
conspiracy,0.005008768581288905
gates,0.004896741252077311
11,0.004746435710087503
syria,0.004598465270853708
texas,0.004240675812047592
america,0.004116117825375773
mask,0.004004965112777174
video,0.003959011319499843
ufo,0.0037358957728974196
vaccine,0.0034899603134465346
person,0.0034783815769061036
friends,0.003456348348183252
sister,0.0034140931654587825
cult,0.00332253604602637
theory,0.0032532224753321955
theories,0.003250338071006536
american,0.003197281589633237
loved,0.0031152466390785716
cut,0.0030843626651323483
covid 19,0.0030796677597562726
father,0.0030442546786695027
advice,0.0030161540989595806
think,0.003005671966243522
gone,0.0029765988976627605
hate,0.002909381527765237
new,0.0028843991220468415
interesting,0.002853017233709867
pandemic,0.002831920957299438
19,0.002782376562039625
real,0.0027720765958984127
banned,0.002752713506884551
does,0.002717139072932411
looking,0.0026901493692382855
conspiracy theories,0.002566419136619333
war,0.0025036601997776497
epstein,0.0025014854804022196
cpac,0.002419532594225992
vaccines,0.0024120100125957764
people,0.002407804847022238
human,0.002399986799840217
support,0.0023805928718519677
john,0.002354795636211333
black,0.002310781715076565
fake,0.0023044545665041574
followers,0.0023039569170149408
truth,0.002288753324724593
story,0.002263111944911978
power,0.002261572748016283
question,0.002221243985201098
wife,0.0022131701210590157
like,0.002190996509750304
just,0.0021700751587724874
know,0.002160902900730115
going,0.002152166606122452
reddit,0.0021207196176963082
understand,0.0021104379054459293
qperson,0.0021068226240761483
000,0.002089691600495968
media,0.0020682376217671977
husband,0.0020217807595646494
cia,0.0019827693650175653
got,0.00196955774832301
march,0.0019513221537162527
conspiracies,0.0019365129510771088
control,0.0019184328128534684
end,0.0018686540893716023
hole,0.0018666377501809443
podcast,0.0018463707855568294
death,0.0018452759165647865
yeah,0.0018070607999320014
tired,0.0018057764497946256
did,0.0017605502938136423
virus,0.0017209651334035223
losing,0.0017177888636077318
public,0.0017149054573035998
want,0.0017058205452816395
qanoncasualties,0.0016882171666885877
crazy,0.0016845600748564937
china,0.0016742770749617309
feel,0.0016695618384711722
president,0.0016593673499863157
kill,0.0016507426610462507
trump,0.0016368091963098747
believers,0.0016105388718303086
evidence,0.0016045948793196932
anybody,0.001601589356735908
fall,0.0015864861408827534
really,0.0015856450330222567
update,0.0015679607559689408
earth,0.0015594649055626908
removed,0.0015590553647128968
coming,0.001531908134293574
group,0.0015311123804250038
mean,0.0015281367652561538
big,0.001521797686657104
mars,0.0015101007014958507
microsoft,0.0015024886171072387
time,0.001486015280340925
police,0.0014847023294372022
man,0.0014689048609968492
children,0.001463863156490653
vaccinated,0.0014471166846293899
amp,0.0014470975367982574
don,0.001441317916807779
plane,0.0014229749374504662
start,0.001413145948223654
secret,0.0014125224926953479
right,0.0014040705003694582
rabbit hole,0.001403210099845776
bitcoin,0.0013929625890693128
dead,0.0013907926400891875
mystery,0.0013785537064834956
narrative,0.001375921029410672
rabbit,0.00137172495214315
test,0.0013639225973107712
good,0.0013549864043780459
qdad,0.001330351220875229
fact,0.001327064998001505
reptilians,0.0013220897095437745
comes,0.0013193273649302127
used,0.001318418618566519
casualty,0.0013168588737447835
movie,0.0013032995429356014
doing,0.0012932564349161155
need,0.0012908499096621472
make,0.0012885151922033614
post,0.0012833582427259683
year,0.0012821930717505606
uk,0.0012696619858063136
hard,0.001253970353251379
message,0.0012534778336434607
weird,0.0012399345935370592
house,0.0012231194431273384
history,0.00121338146195215
isn,0.001213011467464363
qs,0.0012127246424894144
sub,0.0012111390336454302
life,0.001208452812609363
operation,0.0012046564228430487
4th,0.0011879181195270424
anymore,0.0011801653324723627
scared,0.0011800304395568693
ok,0.0011798840702264737
best,0.0011785476262091163
change,0.0011746490456028512
ban,0.0011697598788804877
believe,0.0011686170328771026
documentary,0.0011666610911626803
statement,0.0011616697851168656
use,0.0011506893003069014
shows,0.001146024653119523
lies,0.0011434631735818355
abc,0.0011397965327366367
watch,0.001138092399314049
law,0.0011309623678694958
mrna,0.0011295277840038408
way,0.0011291574353345395
videos,0.001119501924232994
tell,0.0011145650608987002
health,0.0011102715030839292
app,0.0011052327723008845
actually,0.0011024838229502013
told,0.0011016007137136536
starting,0.0010975721128858114
parent,0.0010900482717935926
programming,0.0010892934853866827
seen,0.0010871817598061256
economy,0.0010870163406081752
flu,0.0010852857644831587
humans,0.001076427538740074
website,0.001075102611512952
true,0.0010652981439896972
andrew,0.0010560900774357832
community,0.0010474546668072001
youtube,0.0010399433175383435
tried,0.0010377241932060148
tiffany,0.0010374370924146556
afraid,0.0010308486044189663
stuff,0.0010260594703295533
crypto,0.001025887235691435
tiffany dover,0.0010241761553202665
divide,0.0010240726809224979
success,0.0010237744742580073
masks,0.0010201181032914522
angry,0.0010200053036602482
trying,0.001011850131341446
joe,0.0010061604689607026
spread,0.0010051182143284913
vent,0.0010044059718699355
michael,0.0010032415045724105
thought,0.0009990201131116973
guys,0.0009967045984302125
kids,0.0009933582146212424
exactly,0.0009864671536299568
tom,0.0009864158402130522
debunk,0.0009853672746517178
men,0.0009782459843742362
happened,0.0009696303422180974
said,0.0009681807496541957
quarantine,0.0009675476564565125
uncle,0.000961813020489023
internet,0.000961241000627763
usa,0.000960428117889248
moon,0.0009543184933550205
love,0.0009513111732581332
interview,0.0009508395589621585
deprogram,0.0009505650823947812
reality,0.0009494186749934726
turn,0.0009486320417813777
current,0.000946453492689878
different,0.0009412701857013831
point,0.0009394636671749062
link,0.0009329201067222309
thoughts,0.0009325855078434027
ve,0.0009299302995268013
left,0.0009296541771577384
country,0.0009286467289848049
ago,0.0009285634577281428
step,0.0009242986055441497
satanist,0.0009236506317722002
google,0.0009225260473975048
frater,0.0009209104983876078
2012,0.000920457730776672
practice,0.0009201894122395614
great,0.000919904934312462
shot,0.0009196163534887178
gaga,0.0009175756684820472
school,0.0009147268074080267
alien,0.0009123394186203752
worst,0.0009122684436208056
exposing,0.0009080432430793409
10,0.0009072944147926406
remember,0.0009049291975575914
mods,0.0009048044156401754
state,0.0009037089099269819
don know,0.0009022989256436912
believes,0.0009011259545614525
adrenochrome,0.0009005270809555544
strange,0.0008957912918842818
song,0.0008940067864154114
fight,0.0008909985349903312
regarding,0.0008782144521972176
believer,0.0008763282832095018
heard,0.0008754742759436113
lying,0.0008744927102850811
6th,0.0008734105179898358
wrong,0.0008725559826704848
deaths,0.0008708700890742741
coincidence,0.0008705415426210465
dealing,0.0008655766788806063
easy,0.000865516065580024
follower,0.0008653029529438475
walk,0.0008639428816301144
leaders,0.0008629080831328771
fbi,0.0008622228274343425
cuomo,0.000858936966567558
today,0.0008570932332504612
getting,0.0008555289032047367
important,0.000855259836213545
dan,0.0008519618991922231
hey,0.000848619365077194
future,0.0008428807749027632
word,0.0008395489566515842
sheep,0.0008367956191553784
clear,0.0008355995105250439
oh,0.0008318010507169608
cnn,0.0008314112278853456
military,0.0008312083670785147
old,0.0008306411579623058
global,0.0008306189018417699
thank,0.0008289244216341587
conservative,0.0008282480862825632
warning,0.0008261327662707464
home,0.0008261212863018319
god,0.0008251563806456739
dover,0.0008223842901715106
hurt,0.0008185583900434597
cooper,0.0008145418724619036
cdc,0.0008104420525557848
far,0.0008095976112268286
thing,0.0008082823193460704
idea,0.0008037530555025157
circle,0.0007998240293884074
speech,0.0007982167723902107
news,0.00079689237269754
meme,0.0007953859042801423
things,0.0007952178108095196
lmao,0.0007951407976534163
divorce,0.0007948502408341971
obama,0.0007915434948533911
satan,0.0007873150753879493
means,0.0007868271947385357
propaganda,0.0007829295720843689
brainwashing,0.0007824791176578158
dont,0.0007805586465532469
town,0.0007798171365605112
whats,0.0007741644694267415
leaving,0.0007739580551605226
financial,0.000769653466915655
ex,0.0007684172046216929
eye,0.0007640369466430929
laws,0.0007616206290854661
politics,0.0007599893182677125
sense,0.0007590393699080024
revolution,0.0007587409473788729
happening,0.0007544669334668564
social,0.0007537729478617688
oil,0.0007466033370898594
collapse,0.0007465162379003105
best friend,0.0007454628413397219
text,0.0007420919443089562
dream,0.0007412684942696632
telling,0.0007390956274252082
welcome,0.0007379996957349339
talk,0.0007375649295590598
glad,0.0007370143904608246
pass,0.0007351261270136286
dr,0.0007332026195161828
2024,0.0007315612761140063
fucking,0.0007308488719960702
grandmother,0.0007285142958377071
marjorie,0.0007276866801989538
day,0.0007271067098648804
energy,0.0007249586714817135
bombing,0.0007246827562116643
fuck,0.0007211273724534315
white,0.0007176100763172873
missing,0.0007132914899459935
care,0.000710120494203435
questions,0.0007071789313669727
using,0.0007069336678296313
ama,0.0007060596460822898
space,0.0007052027732545856
wsb,0.0007034798819260757
sad,0.0007030742317790244
inauguration,0.0007028242523308092
week,0.0007016455305669545
population,0.0006996443169566301
feeling,0.0006991409917973068
40,0.0006970280819609917
wrote,0.0006962639262110978
healing,0.000693098350531059
transgender,0.0006914656951788628
check,0.0006914312587984175
cabal,0.000691225713037737
netflix,0.0006894637318471931
head,0.0006883292143927121
situation,0.0006869753618843585
online,0.0006858183354106158
international,0.000685143228041863
gamestop,0.0006841760833966722
march 4th,0.0006823144525861143
meet,0.0006814355684033886
forget,0.0006806552873719011
let,0.0006799454129572144
honest,0.0006794723589814185
aquafina,0.0006788550028212796
vegas,0.0006760477223037187
vaxxers,0.0006753571487922592
murdered,0.0006747096942817737
aunt,0.0006744256298213782
shadow,0.000673556634327773
planes,0.0006733998220817277
happen,0.0006731870294441864
article,0.0006713518039486289
com,0.0006710852627156586
apart,0.0006706292199528698
continue,0.00066706867867502
wish,0.0006650682140257285
federal,0.000663004126315379
look,0.0006624832244812059
gets,0.0006614795447947901
connection,0.0006601054731229766
debate,0.0006549498986153501
little,0.0006527929340964492
talking,0.0006525630757139555
report,0.0006524897247076989
moved,0.000651602151675654
live,0.0006513585578635842
wake,0.0006499175774648013
corona,0.000648045041623173
occult,0.0006472425366699063
free,0.000646056083530748
sure,0.0006446934339801425
february,0.0006433096675602073
seeing,0.0006430831622832254
frequency,0.0006416720451502439
problem,0.000641132320912172
aliens,0.0006398995146184327
gov,0.0006390704499506019
save,0.0006381119879089663
turned,0.0006324674794928612
long,0.0006318838241963848
interdimensional,0.0006305077560093786
race,0.0006245841700156564
reach,0.0006245698436158748
relationships,0.0006234401547932201
illusion,0.0006231690323708413
mum,0.0006195910323337116
reset,0.0006193880736662475
sight,0.0006174496436489526
stop,0.0006142033974093348
voting,0.0006091481414076188
quick,0.0006084701681577674
second,0.0006060907150538341
gives,0.000598698807480159
trusted,0.0005979082434970738
anonymous,0.0005970152427021106
designed,0.0005947167888957934
party,0.0005943338883565226
hear,0.0005932836426293799
yesterday,0.0005929072442140464
issues,0.0005923257761787737
41,0.0005921704910792075
wild,0.0005919172489501659
times,0.0005905875671971993
wtf,0.0005891889099166165
altered,0.0005876396751502014
short,0.0005864027896575175
plant,0.0005842646567575327
looks,0.0005839197228665341
kamala,0.000583917066563215
eat,0.0005835709841216152
bad,0.0005829832757518489
worth,0.0005828592852750661
relevant,0.0005815574370132645
star,0.0005809802688751687
gme,0.0005802524060848532
corrupt,0.0005772416669782069
dictator,0.0005768382619771894
climate,0.0005757835667669475
lot,0.0005754853961318195
christians,0.0005749518773669824
didn,0.0005725514379103689
project,0.0005722083218021812
explain,0.0005716033781907162
travel,0.000571393319658616
search,0.0005713557788905743
gold,0.0005693904556779532
powers,0.00056529786251745
loved ones,0.0005649996752611239
engage,0.0005632395678756865
paul,0.0005615559643691757
maybe,0.0005614642438993503
created,0.000560334361895872
engaged,0.0005597901764736756
lol,0.0005588994532716399
movement,0.000558048647529467
thread,0.0005547549744007075
scam,0.0005533798730603664
site,0.0005529661719502361
millions,0.0005528978087839521
worry,0.0005528516742722891
forced,0.0005523040483503804
newest project,0.0005520037456859947
exist,0.0005492074773475426
shit,0.000548989533332994
hello,0.0005484753862514115
dollars,0.0005481764290507277
msm,0.0005469617521707589
ask,0.0005452739542559785
effect,0.0005439671009136939
political,0.0005428202214456189
says,0.0005417280953268852
george,0.0005410249054635124
denies,0.00054017454967572
church,0.0005375366204055537
away,0.000535419016927901
son,0.0005353201697410998
money,0.0005335997694033924
ve lost,0.0005335746467599281
years,0.0005334971482744646
newest,0.0005330647014224126
posts,0.0005319476446639447
alex,0.0005316707159038806
alex jones,0.0005299365095259386
2021,0.0005275177633434786
origin,0.0005254672426200205
pay,0.0005146701653026788
middle,0.0005116513350139097
normal,0.0005077449253304982
illuminati,0.0005068969826137338
single,0.0005064890879402439
sunglasses,0.0005060303506449799
casualties,0.0005057052132993205
lives,0.0005050064487443553
major,0.0005049954618595034
cruz,0.0005049752101462104
curious,0.0005027413516051662
jones,0.0005017102890214728
hope,0.0005015139632092622
comment,0.0005002115739686826
britney,0.0004972982320331857
joe biden,0.0004954229810142272
sharing,0.0004928225117084468
qult,0.0004921733196243933
election,0.000492072475947793
goes,0.000491146419975145
believing,0.0004907864987613538
info,0.0004904052351790197
reveals,0.0004868664824845362
bizarre,0.00048662324455372877
connect,0.0004835513126543183
safe,0.0004825833572227194
watching,0.00048243439828414217
say,0.00048233065121856247
abc news,0.0004815539464882036
general,0.000480570730695635
content,0.0004802876124744601
place,0.000479645711814353
real conspiracy,0.00047830177292973794
satanic,0.00047401640939134267
letter,0.0004736582869248227
30,0.0004736422531975973
spreading,0.0004734832385442674
gotten,0.00047186370292300327
weeks,0.00047159392906403666
symbol,0.0004712264878938612
perspective,0.00047004301286478987
civilization,0.0004698019538471494
proof,0.0004669233530096634
daughter,0.00046498325437895207
worse,0.0004642487029869268
organized,0.00046404201266103407
arctic,0.00046345808754836063
conversation,0.0004633509357220328
died,0.000462310248704207
wearing,0.0004622038145040436
member,0.0004608046166350027
come,0.00046037145356397636
doctor,0.0004599695808523313
anti,0.00045893511349059225
case,0.0004551109392909756
vaccinations,0.0004529495997235831
feed,0.00045280773804248406
crash,0.00045090833348696984
seuss,0.0004502268302312613
qanon believers,0.00044997215144239495
watched,0.00044904268277951454
release,0.00044790759310858334
fluoride,0.0004466311045443208
light,0.0004453632458540703
patriot,0.0004452720152177234
republican,0.0004440091900126409
face,0.00044355285382167764
democracy,0.00044248575855925637
works,0.0004422531104697198
therapy,0.00044071802972610346
kicked,0.00043892301826075583
governments,0.000438799018763213
actions,0.00043831697551215815
called,0.000436688429912875
listen,0.0004364548508547948
view,0.00043616203136736094
spiral,0.00043340360800928567
band,0.0004329109442096034
authorities,0.00043216730582645933
facebook,0.0004314023786610644
people believe,0.0004311234445477496
ones,0.00042949945207211424
agenda,0.00042938748120907735
better,0.0004292179148694588
wing,0.000427921355497753
twitter,0.0004279076905707675
ss,0.0004278111291893808
predictions,0.0004271247427070838
australia,0.0004262262797039769
dr seuss,0.000424929790141677
meta,0.0004244269056129458
open,0.00042430958822575277
sources,0.00042429353428274485
wasn,0.0004238800885853358
thinks,0.0004238087779444842
ready,0.00042380682824075006
helpful,0.00042296662790916703
ll,0.0004218006176816639
happens,0.0004194082081405188
book,0.0004188934141017233
shortage,0.00041844608227349254
high,0.000417216919838816
age,0.000414394205465133
lady,0.0004139631805249431
mass,0.0004130157590733499
days,0.0004129090050404682
soon,0.00041183720671035903
moment,0.0004098420707174893
mind,0.00040912706570401814
apparently,0.00040759030718054434
super,0.00040742952451092526
doesn,0.0004073334532953199
claims,0.00040696209967429646
credit,0.00040468942479266617
far gone,0.00040399884490714
asking,0.00040312416014800964
relative,0.00040177814438587526
baby,0.00040138653628022785
various,0.0004013365412166543
currently,0.0004010289550755532
bit,0.00040039709229815147
hearing,0.0003975482554445048
deal,0.00039734387127533853
experience,0.0003971805117457515
leave,0.0003968699737835044
research,0.00039677569589963206
speaking,0.0003954098533756955
choice,0.0003950266763368428
cancel,0.0003920827014742034
sucked,0.0003917823808003841
cop,0.0003913579820679775
break,0.00039093560992291585
example,0.00039022136184925244
scientific,0.00038961559461336094
reptilian,0.0003892960226115143
cousins,0.00038923032011907286
canada,0.0003876711824394656
respond,0.00038738525934597354
snow,0.00038721224482505384
posted,0.0003849424208118355
calls,0.0003840828608411125
sleep,0.00038390748911794006
religion,0.00038364341967833573
office,0.0003835988649643661
worker,0.0003835450830504812
action,0.0003824800471716902
worldwide,0.0003824090695980742
land,0.0003822734342460324
dc,0.0003807940999495543
couple,0.0003803879758839865
committed,0.0003790783741297928
toxic,0.0003782048165054526
qultist,0.0003766265648279865
vs,0.0003763584333073065
racist,0.00037555648896470453
vegas shooting,0.0003752946868346978
add,0.00037516598726715155
connections,0.00037403184678726545
living,0.0003732166114647142
based,0.0003726166444486091
trolls,0.0003719487095921928
knowledge,0.0003719115544457622
actual,0.00037161112821530235
spiritual,0.00036898175611806724
reason,0.00036882509353109555
refuse,0.0003645673089492082
information,0.0003639877033871058
flag,0.0003639295094404421
teacher,0.00036391751762391113
entire,0.00036351593588155115
happy,0.0003634536631829344
request,0.0003623678551703464
went,0.000362300644789838
singing,0.0003621660667537073
leader,0.0003619984703934924
try,0.00036183087306598225
hell,0.0003606372192762615
journalist,0.0003600351632706449
la,0.0003585435562908282
non,0.0003578952421889204
democrats,0.0003575363120823399
similar,0.0003558819033233121
elite,0.00035430599447634515
nwo,0.0003537438411350815
15,0.0003524457518853403
taking,0.0003504975551194027
aka,0.0003502142753291765
makes,0.00034997654036157926
gave,0.0003498086974474552
fence,0.00034945653910532613
wow,0.00034842040942046173
https,0.00034804220546326284
list,0.0003475570254604608
evil,0.00034715171726998383
board,0.00034622313872893263
source,0.0003455602868747329
hunter,0.000344650264744595
don want,0.0003440975300152251
reading,0.00034387278130294487
theorist,0.00034377413584721616
finally,0.00034264439793389343
words,0.000342500504832948
supporting,0.0003424400043273479
nasa,0.0003422073346501486
won,0.0003422065240991716
hollywood,0.000341054683814521
common,0.0003403215336445357
page,0.00033975664397441067
plan,0.0003397193896444746
pain,0.0003396603143116616
work,0.0003391007374706359
germany,0.0003380360468550522
subreddit,0.00033800810812053937
die,0.0003342650586943295
cool,0.00033133770022498554
small,0.0003310214624324984
funny,0.00033039234029689563
countries,0.00032982697823018075
changed,0.00032977858602379213
red,0.00032771870849626123
cause,0.00032760355475275576
alternate,0.0003273924520308644
breaking,0.00032675586977527326
needs,0.00032666394526120626
destroy,0.00032622819194288197
rules,0.0003249476785903993
testing,0.00032444692156021165
conspiracy theorist,0.0003244044532998358
read,0.00032285790428392987
quantum,0.00032285321389137814
sick,0.00032272483521052263
climate change,0.00032083124127356617
color,0.00032081576025119263
families,0.0003206852115250696
creating,0.0003203721106270755
planet,0.00032033116501156244
surprise,0.00032010676438313243
official,0.00031986660502989227
selling,0.00031979329388990066
instead,0.0003192517251452544
capital,0.0003187645971529631
month,0.00031876418614735553
cell,0.0003181579911605995
guess,0.0003176824563847356
clownworld,0.0003175879213140828
psychology,0.00031666063424702905
months,0.0003166263141067236
foundation,0.00031637342548307125
music,0.0003157079870991113
prophecy,0.00031537352882488067
qfamily,0.00031504083809298254
mod,0.00031481549589413037
lose,0.0003147138323132178
prince,0.0003142472439175867
microwave,0.0003138659199738932
religious,0.0003130255015063296
food,0.0003128983085243554
computer,0.0003128354839529939
need advice,0.0003121797814656258
good way,0.00031207415181534965
right wing,0.0003113556857494774
misinformation,0.0003110861158703776
noticed,0.00030948015379655416
great reset,0.000306593544918764
conquer,0.00030657531423214547
worried,0.0003039975884301195
mark,0.0003037307394749367
west,0.0003036730819303637
politico,0.0003032604133880724
12,0.0003027772880240025
years ago,0.00030260131096593345
republicans,0.00030230670374512767
members,0.0003022608508310329
reminder,0.0003020366578957042
industry,0.0003016802921170625
recent,0.00030145483894730094
right place,0.00030135955489992756
assad,0.00030104626118944124
mentioned,0.0003005902812070225
deep,0.00030025552401512093
minimum,0.00029992343862893125
blm,0.00029942150782462845
bring,0.00029910469804297234
disowned,0.0002990762244931812
canadian,0.000298128329830529
shills,0.00029757847851428506
analysis,0.0002959709368845454
riot,0.0002954634272611302
forum,0.00029497836864149845
released,0.00029470953296181714
interviews,0.00029433910393000226
covid vaccine,0.0002939536553221042
abuse,0.00029333645262425714
falling,0.00029333336402221234
final,0.00029275971457677754
100,0.00029275051427535704
episodes,0.0002921513668656104
jan,0.00029180638577827936
just like,0.0002912085499681878
british,0.0002910778941800646
14,0.00029051337099309166
dude,0.0002901809962941902
hoax,0.00028950732906401496
park,0.0002888287787709208
mental,0.00028742415760024193
win,0.0002872092112957509
follow,0.00028674087351981227
cousin,0.000286259815170524
level,0.00028532458657447714
exposed,0.0002850329378493437
taken,0.00028486369987232497
california,0.00028457949839303493
blue,0.00028427287824648147
child,0.0002842325686678491
share,0.0002835940854958258
1959,0.0002833424942329743
science,0.00028318889254960245
world economic,0.00028317165317487354
rand,0.00028178560776803745
longer,0.00028147563887691345
myers,0.0002810150844289985
tv,0.0002807506464822972
wanted,0.0002799088020189241
op,0.00027961427600450367
deep state,0.0002795296180861185
humanity,0.00027919951914866074
answer,0.0002789536234393444
admits,0.0002777317267546314
guilt,0.00027772921687746114
fear,0.0002777271664296717
wait,0.0002774838045551681
parler,0.00027747913271507284
raised,0.00027717584040722764
body,0.00027650573806564524
outside,0.000275916088602966
blatant,0.0002752690681070013
nonsense,0.000275004636650034
service,0.0002745671660431327
stay,0.000274479816493072
separate,0.00027387100519062036
officer,0.00027348143815431665
kind,0.00027141509116298656
number,0.0002706091917318474
special,0.00027038899418959365
lady gaga,0.00027010735419401695
latest,0.000268989445884154
porn,0.0002688796801605511
allowed,0.00026743067215142976
blown,0.0002672637354988198
argue,0.00026617200925156085
silver,0.00026486956543078974
honestly,0.00026446530266966605
completely,0.0002644166201166132
mil,0.0002639346606025414
damage,0.0002630641048620103
type,0.0002628448782481435
thinking,0.0002624157229342061
east,0.0002616923691404897
beast,0.00026142947521268906
explains,0.0002610871011999816
quiet ones,0.0002610047543871157
gonna,0.000260692610791867
tech,0.0002606496358131157
loss,0.0002601924335744628
destroyed,0.00026016506567866485
economic,0.00025896688334080633
card,0.0002586179218983871
process,0.00025806880841825104
21,0.0002580591437911474
coverup,0.0002578043757301952
scientists,0.00025700131320226445
zone,0.00025661665725873174
trust,0.0002558675632809935
greene,0.00025475523297609437
played,0.00025385428854163544
taxes,0.00025350282405435916
russian,0.00025287089029070296
stock market,0.0002525175342006846
buy,0.00025194995519067825
nation,0.00025153625080615396
killer,0.0002512761468610117
biggest,0.0002506684379699358
zero,0.0002501492875535057
street,0.00025014109263086446
scary,0.0002500832214376687
hand,0.000249909494443573
miss,0.00024942100261948465
absolute,0.0002492434574733971
victims,0.0002482978986392019
protect,0.0002477812329287204
seriously,0.0002474442285642763
city,0.00024721567890363384
minutes,0.00024717373964822277
wall street,0.0002464897414925014
pcr,0.0002461538298948999
caused,0.00024596692934089506
qanoncasualties discussion,0.00024422757864411474
fighting,0.00024402863328190378
dangerous,0.00024360915457838912
simply,0.0002427265016039412
tomorrow,0.00024237409805840992
symbolism,0.00024170784076191167
channel,0.0002414861036218129
shape,0.00024139278298860464
predictive,0.00024062439845438225
rand paul,0.00024055444263215866
hi,0.00024051171235598532
canadians,0.00024043595627355863
chance,0.00024039982965403194
killing,0.00024020549920852294
water,0.00023969501236098967
keeps,0.00023912207060457338
obsessed,0.0002387986758510933
verified,0.00023818120319269044
risky,0.00023797753435092188
delete,0.00023793610658819515
months ago,0.00023786684568666492
restocked ce,0.00023756306499654665
moderna,0.00023721478344346686
survey,0.00023716789781473699
2030,0.00023686362354765836
restocked,0.00023610211703161142
pre,0.0002359694998842104
madness,0.0002359173407846711
woman,0.00023538470766916046
doubt,0.00023522078855136333
caught,0.00023507107954114144
55,0.00023412078885068238
theorists,0.00023378241414130348
leaked,0.00023318721246124685
emergency,0.00023213882387768011
running,0.00023198696520555377
weekly,0.0002318654221245886
court,0.0002314885328384462
faith,0.00023076749031304884
hunter biden,0.00023015354199559728
celebrities,0.00023013348974175443
2020,0.00022999589118043317
line,0.00022994900322185588
professor,0.00022977379972570372
phone,0.00022749151755745294
work home,0.0002270629019153872
discuss,0.00022675316542638722
liberal,0.0002267504904605064
wall,0.00022657129018850567
ties,0.00022639406703918558
holocaust,0.00022592996267635778
odd,0.0002211870863357555
expert,0.00021998388123224918
unpopular,0.0002190194932258209
freedom,0.00021852539832935882
related,0.00021844331949859728
feel like,0.0002181431910268559
obsession,0.00021757417755193081
qanons,0.00021706467549304897
predictive programming,0.00021686914472630566
coronavirus,0.00021566611069529922
working,0.0002153099295272266
stories,0.0002145455565965424
shooting,0.0002138386016389709
tested,0.00021316863839209195
year old,0.00021272971647619794
points,0.00021251060208981196
daily,0.00021232764661641696
vaccine passports,0.0002116999393037971
access,0.0002110016553822713
count,0.00021055821826059643
weekly qanoncasualties,0.00021054529628636594
bet,0.00021041496407186045
purpose,0.00021024568165605573
users,0.0002096702397982586
ultra,0.0002093516211179353
pfizer,0.00020930224134221354
false,0.00020920446928294472
stock,0.00020880206016902011
brought,0.00020829994415974724
clip,0.00020806624882592582
blamed,0.00020696060773607559
sending,0.00020652758487770177
calling,0.00020639953162330363
fucked,0.00020638089794169142
censorship,0.00020624690085637408
write,0.00020587096761279873
came,0.00020577188102787082
new world,0.0002051124074878662
jesuits,0.00020507095929410695
spotted,0.0002046902949365523
grave,0.00020415779097743107
need vent,0.00020363203717715285
bombs,0.00020334533135108512
moving,0.00020296970664985625
false flag,0.0002020236522080624
mark beast,0.0002020120851107978
conspiracy theorists,0.00020186536815720648
qanon conspiracy,0.00020160763947319545
sell,0.0002013114484710812
bf,0.00020093328347059637
culture,0.00020079029007099235
strong,0.00019937568106526834
film,0.00019936497591798713
education,0.000199118831654433
passport,0.00019900954968164592
frogs,0.00019863462040457631
experiences,0.00019707859169944392
pretty,0.00019694514249971365
sexual,0.0001964077123065509
corbett report,0.0001958270008460112
myth,0.00019563141981523857
certified,0.00019518278591249414
considered,0.0001944102208411209
recovery,0.00019433576099044613
amazing,0.00019285976039066252
program,0.00019227877861390546
sign,0.0001917947157344533
getting vaccine,0.00019172757788482202
cases,0.00019136665542456027
making,0.00019112096825313422
possibly,0.00019090127013048224
scientific american,0.00019085069254545296
interested,0.0001905190001939286
ideas,0.00019014070759799722
conspiracy theory,0.00018967686499598888
trek,0.00018942890902467991
podcasts,0.0001893151646393314
reading conspiracies,0.0001881863572660423
technology,0.00018657282323594074
wage,0.00018647379037890316
rights,0.00018638461677415236
needed,0.00018625944822284245
episode,0.0001859924581723441
insanity,0.00018539695005719556
contact,0.00018532613248113046
capitol,0.0001851690280477527
proud,0.00018488815357466286
bubble,0.00018411544418109243
jewish,0.000183971896364201
south,0.00018366684233268513
israeli,0.0001833507036009829
society,0.00018271337915766169
stage,0.00018240462910915962
opinion,0.0001820483260766392
tells,0.00018196826697142396
incident,0.00018173038821973808
night,0.0001814754661516485
learn,0.000181350738027534
americans,0.00018109634327164017
note,0.0001809569722801527
seeking,0.0001807298965120766
able,0.0001806573612445628
elites,0.00018065123490656739
iran,0.0001803136410293487
market,0.00018022953505645646
russia,0.00017987437653340282
ancient,0.00017934684207440124
rings,0.00017921462651346838
coin,0.00017863285801408274
started,0.00017800783617364922
female,0.00017797239103116888
israel,0.00017768162716173903
videos john,0.00017758466000597576
context,0.00017754749510131573
male,0.00017739303968354744
passports,0.00017692467426141668
plane crash,0.0001768869014126212
order,0.0001766766893754832
jfk,0.00017667205807344138
mountains,0.0001763750138019721
attacks,0.00017613946510449261
abusive,0.0001757538806676953
violence,0.00017531593343924563
feelings,0.00017429695602291117
vatican shadow,0.00017375728703123244
funded,0.00017365049064324702
article people,0.00017356941664886018
prison,0.00017311714150254978
gods,0.00017158588089367585
need help,0.0001715717010542668
supporters,0.0001709511767628379
women,0.00017075798289070842
going away,0.0001705936352715487
saw,0.0001704955578407844
tip,0.00017029923427154544
woke,0.0001701465059861528
company,0.00016965202546479757
debunking,0.0001691832471818959
ability,0.00016914455270137474
donald trump,0.00016894646684493376
know anymore,0.00016874472443707063
letting,0.00016870486755362057
drones,0.0001680971956977623
join,0.00016793792980151912
passing,0.00016792098032135434
officially,0.0001678169068182465
presidency,0.0001676669615609845
finding,0.00016710830845080248
ahead,0.00016540941138697165
united,0.00016534561484396907
math,0.00016443443348213848
mondestuff,0.00016413125578035412
citizens,0.00016394327420214943
capitalism,0.00016379617792526877
does feel,0.00016304612427917985
guilty,0.00016287131823434372
notice,0.00016226552488149054
failed,0.00016209511728602091
romney,0.00016139882686973684
levine,0.00016043932142192837
faces,0.00016016164496083946
ai,0.00015944704560946353
knew,0.00015919717944101944
highest,0.00015910845377184053
quiet,0.0001588609686100479
looks like,0.0001586858769003379
discussion,0.0001584657415204887
guy,0.00015799101282920605
killed,0.00015798833128755353
justice,0.0001579509044043659
wants,0.00015783236807299304
attack,0.00015772256757210697
qanon cult,0.0001568844552045651
vatican,0.0001566401885624711
heal,0.00015591513394274095
types,0.00015491870307197605
pretend,0.0001548157873162847
birthday,0.00015480803154181805
potential,0.00015430434171570737
jordan,0.00015405827399611597
hey guys,0.0001538857178441123
washington,0.00015382981974017648
mods dead,0.00015351455455072402
star trek,0.00015345637121417193
depression,0.00015284932201704222
blood,0.0001527090777507362
lite,0.00015229595937786919
student,0.00015210334144717772
capitolconsequences,0.00015174703295275867
trafficking,0.00015147101020807692
thrown,0.00015115302938884981
2016,0.00015099687505689958
ritual,0.00015087850158607906
accidentally,0.00015082175753252294
having,0.0001506436432823952
create,0.00015058744882694193
aren,0.0001498109969373025
pokerpolitics,0.0001496830396776141
sounds,0.0001494441994646579
car,0.00014941290519462664
genitals,0.00014910017035312683
jobs,0.00014795759349039555
republican party,0.000147069016286876
experts,0.00014679452353809385
mental health,0.00014677515176770266
long time,0.000146315532022976
claimed,0.00014580950560962516
sites,0.0001457522214607754
maga,0.00014562422155693484
isnt,0.00014540744665359978
ideology,0.00014485390613200053
return,0.0001447199571042237
squeeze,0.00014444622498256703
supremacist,0.00014302737796329564
crap,0.00014297238638747112
johnson,0.0001427068139411589
sky,0.0001426459773120466
york,0.00014241604420111217
highly,0.00014227803810480265
suicide,0.0001414038799989716
memories,0.00014134648184404785
strike,0.0001411612727828709
europe,0.0001411018125553154
wonder,0.0001408801308379207
schools,0.0001403036740195159
partner,0.0001400223612420132
understanding,0.00013935425528915858
comments,0.00013907442683937587
planned,0.00013902639065826037
wars,0.00013877061821678034
dog,0.0001387583173768966
capital riot,0.00013845554421064595
post jesuits,0.00013841485054725872
account,0.00013818996965794735
national,0.00013777719742471864
realistic,0.00013752010657127687
gun,0.00013745120246870366
vote,0.00013700789511594583
mentally,0.00013688418801763145
robinhood,0.00013684824712791372
change mind,0.00013672783778288477
politicians,0.00013655467167496838
disappeared,0.0001355809485630316
blame,0.0001349181449799819
met,0.00013468566674219935
links,0.0001344581595096734
resigns,0.00013385923776220197
bs,0.00013351393919733745
gaga dog,0.0001333948741469086
drops,0.00013272873936941672
store,0.00013141292580422923
monthly,0.00013130497039789542
director,0.00013125745142690946
versus,0.00013115048892503977
attempting spiritual,0.0001309182344362396
ball,0.0001305626608083361
popular,0.00013040999605271733
robot,0.00013037143524695954
image,0.000129835262154929
brainwashed,0.00012935008683185838
fraud,0.00012907601820222442
reports,0.00012860223536217434
rich,0.0001284912848328909
facing,0.00012849006128249984
changing,0.00012840460065434775
promoted,0.00012808542616914279
stocks,0.00012749127146598018
ignore,0.0001274198746746713
warned,0.00012732196478923593
hold,0.0001270183549838717
wonder committed,0.00012694275978472746
losing friends,0.00012691467445654885
building,0.00012575370155437366
solution,0.00012551490939790593
fame,0.00012525191942909132
businesses,0.0001251153440670277
deprogramming,0.0001248765357248706
study,0.00012454010642938573
jump,0.0001245003453508669
setup,0.00012421213460687776
17,0.0001241317482421373
unpopular opinion,0.0001239528204158579
crisis,0.00012373521620982812
resources,0.00012353525710023165
christian,0.0001233131345036886
term,0.00012301200470264803
elderly,0.0001230019248005653
22nd,0.0001229037493674104
comments alert,0.0001228543447102289
causes,0.00012250635633687603
source scientific,0.00012241208861044143
bought,0.00012221039406500885
new york,0.00012215693460943604
run,0.00012197781768235286
donald,0.00012167163004129582
viruses,0.0001216188981210686
following,0.00012149737756304652
version,0.00012144745435705096
essentially,0.0001213797135534442
accident,0.00012130208613289816
ball light,0.00012124063732400946
congress,0.0001212125655537043
quality,0.00012076104628366708
sent,0.00012067769621608768
gene,0.00012056440175462591
certain,0.00012033383364409252
documents,0.00012029835782274059
critical,0.00012005543708086675
supposed,0.00012004503398472868
controlled,0.00011964328357019054
reconcile,0.00011935920704453757
involved,0.00011879957392843525
camera,0.00011860231395542188
censored,0.00011849523742850686
tests,0.00011847060362474479
clinton,0.00011832772427954425
fox,0.00011814733066211579
hanks,0.00011809157153732042
camps,0.00011793563091091601
speak,0.00011773398859523002
post politics,0.00011746635507355
root,0.00011715697062099
start 30,0.00011703120454192975
fine,0.00011683781216722106
rush,0.00011668127143117863
strategy,0.00011661767617252423
meat,0.00011657121560261336
pursuit fame,0.00011639819076339306
dose,0.00011636120981217023
synthetic,0.00011589499068772174
immunity,0.0001158430943894798
family member,0.0001153560278995223
establishment,0.00011509369353607815
limbaugh,0.00011480073221054282
push,0.0001145237587556092
2013,0.00011432122412569361
investigation,0.00011410726241062987
reached,0.00011389692953258905
past,0.00011369658252562381
club,0.00011368328553996857
ways,0.00011312181041220855
offense,0.00011307074219222065
riots,0.00011301513079935135
forward,0.00011275582938796804
complete,0.00011232171883476818
kardashian,0.00011172641196388303
leaning,0.00011161618764562976
district,0.00011157498820204439
genders,0.00011016272449458643
role,0.00011013892913949804
build,0.0001094858551520046
good friend,0.00010945859073620298
pursuit,0.00010864569605259048
states,0.00010855511094885144
job,0.00010853641934779586
chiropractor,0.00010844209373477453
corbett,0.00010809236233760421
trans,0.00010790471245434238
white supremacist,0.00010788990090920524
realize,0.00010787049571002419
shared,0.00010683897339151034
deleted,0.00010670178161269475
don think,0.0001065028047782531
qanon believer,0.00010646523555003293
details,0.00010631483706608145
profit,0.0001060427272435187
wellness,0.00010588725881513877
play,0.00010585598256804702
billion,0.00010561512737056883
conditions,0.00010552563137588407
early,0.00010522701158420378
zombie,0.00010470726826046705
attempting,0.0001046969802462767
demand,0.00010434912627454498
accept,0.00010434210799893961
finds,0.00010418761515260532
hitler,0.00010412774071611767
base,0.00010410689724239575
explanation,0.00010405439998669545
trafficked,0.00010395388269109449
insurrection,0.00010375581452747834
signs,0.00010340302881471747
connected,0.00010280736794841862
entities,0.00010278372130591907
fed,0.00010257391030698133
faith users,0.00010245733460290228
middle east,0.00010156694193606075
1st,0.00010122476342286119
southern,0.00010085165989959294
alternative,0.00010001923216723503
moderator,9.973444182716972e-05
desperate,9.960988564275458e-05
miles,9.956755621738055e-05
led,9.945669499996626e-05
nazi,9.925461469073586e-05
tom hanks,9.917650425071813e-05
email,9.916684828651812e-05
classes,9.877367776360809e-05
late,9.856598394281759e-05
folks,9.805381137505776e-05
airlines,9.794175663062276e-05
excuse,9.768426824045968e-05
learning,9.768115888428762e-05
genocide,9.722935939143375e-05
series,9.716260427003134e-05
ve noticed,9.692056381669352e-05
morning,9.691285859230962e-05
bomb,9.686572696506307e-05
insider,9.681502712692653e-05
straight,9.666950058990836e-05
road,9.650758637324124e-05
mountain,9.611013442960501e-05
dead dancing,9.593042868270897e-05
kim,9.560976740755203e-05
20,9.560227458235219e-05
19 conspiracy,9.536778294423288e-05
largest,9.523574389473422e-05
fast,9.48514318054667e-05
submission,9.457935379563916e-05
left wing,9.45526584744255e-05
experiment,9.452227827493918e-05
result,9.451083564547266e-05
alert mods,9.442215628459372e-05
rain,9.396733543566165e-05
mods content,9.384464125100179e-05
60 minutes,9.379747064016838e-05
grid,9.373676189225305e-05
threatened,9.3681263548592e-05
500,9.363341259300957e-05
losing mom,9.333404813628463e-05
spent,9.309708417045556e-05
denier,9.289980902572404e-05
weapons,9.282210625285226e-05
university,9.222765084863749e-05
insane,9.222721577830321e-05
rant,9.19519185228678e-05
rush limbaugh,9.189335183647857e-05
local,9.08976738187006e-05
airstrikes,9.051211576641133e-05
quit,9.037084369925245e-05
names,9.015742039948218e-05
slowly,9.008129925341177e-05
govt,8.985019230567277e-05
independent,8.941133284511891e-05
army,8.900945501911328e-05
anti vax,8.886381499069366e-05
agree,8.875715305204123e-05
ultimately,8.866575018323922e-05
supporter,8.825907102701899e-05
soldiers,8.817000584068421e-05
matter,8.813126970260038e-05
activist,8.777657842855119e-05
basically,8.73875238537748e-05
pill,8.738288296926011e-05
impeachment,8.73571828149171e-05
boyfriend,8.721564949052259e-05
red pill,8.710607425173377e-05
57,8.690142568393198e-05
lost friend,8.68729178377974e-05
problems,8.671388369771373e-05
force,8.660020497033373e-05
burning,8.628447625140767e-05
hidden,8.614668130823684e-05
cutting,8.585552952924124e-05
presidents,8.585106421042387e-05
john legend,8.580156668043603e-05
vax,8.572055271930728e-05
demons,8.543105285075988e-05
28,8.520748282995332e-05
memories source,8.50155717619034e-05
wear,8.488327469426214e-05
just reminder,8.455351989527993e-05
read attempting,8.451172001015998e-05
rid,8.411252455949297e-05
note users,8.386746310303409e-05
ve seen,8.385310093498678e-05
medical,8.378506419427984e-05
wealth,8.347739542447939e-05
complex,8.339787180882503e-05
encounter,8.337417632447815e-05
perseverance,8.324510260894876e-05
ritual abuse,8.296781785822775e-05
mainstream media,8.235936181915724e-05
trump biden,8.231745620362021e-05
electric,8.228496917573644e-05
diplomats,8.222980454479873e-05
elon,8.211693616240385e-05
button,8.190747266492485e-05
authority,8.14015039013474e-05
upvotes,8.106419081980417e-05
simple,8.081691677248702e-05
intentionally,8.071379611540412e-05
campaign,8.06398756828571e-05
ridiculous,8.062765244619708e-05
quite,8.058436232893563e-05
effort,8.027761332552512e-05
2001,8.000206848362213e-05
maxwell,7.994234398838373e-05
avoid,7.951776957315773e-05
soros,7.910684548380452e-05
start start,7.904347495216387e-05
chrissy teigen,7.888995889812016e-05
threats,7.868575563820457e-05
peace,7.856508465294145e-05
mike,7.811956442427345e-05
million,7.773938608495995e-05
family members,7.750380027929993e-05
plans,7.713171829274525e-05
ran,7.675363649008656e-05
present,7.655614770290364e-05
bad faith,7.628719923399261e-05
phenomenon,7.61668010907492e-05
aide,7.608794606915522e-05
gender,7.550114225582769e-05
2019,7.526728771097811e-05
united states,7.517110919019567e-05
vaccine passport,7.484573721197055e-05
ceo,7.442406236390247e-05
platforms,7.384647043876655e-05
organization,7.367685021715791e-05
feb,7.367249473594394e-05
ufos,7.35992437418219e-05
produce,7.358977926768432e-05
reads,7.350400220574938e-05
great article,7.342469062896239e-05
50,7.338488017165704e-05
useful,7.334749124850845e-05
psychosis,7.330272187197669e-05
users trolls,7.323058068463003e-05
stand,7.30615231508646e-05
kennedy,7.261916215024075e-05
13,7.250124824023478e-05
favorite videos,7.191531840975298e-05
game,7.189955475942518e-05
crimes,7.173101747330077e-05
concerned,7.147732424395363e-05
trying hard,7.118498324041464e-05
kim kardashian,7.106664889583012e-05
mainstream,7.056671693249948e-05
table,7.055215301853802e-05
refusing,7.047624679359762e-05
advanced,7.03198284673438e-05
england,7.005488358209953e-05
syndrome,6.999590915050343e-05
social media,6.995877824782846e-05
chrissy,6.965313008045103e-05
underground,6.921168339483367e-05
findings,6.919176892519169e-05
doomed,6.905106683940174e-05
suddenly,6.887793994245923e-05
accidentally curtain,6.855324391409712e-05
council,6.824066729569157e-05
received,6.819441340724692e-05
im,6.792075969798284e-05
world order,6.761691113143112e-05
developed,6.754476404106515e-05
cannibals,6.727598436909724e-05
sex,6.700059238840897e-05
curtain bit,6.67476548337972e-05
loves,6.609954280166691e-05
vice,6.495577288737533e-05
currency,6.478541199754448e-05
reveal,6.464369277101385e-05
don care,6.434316168830515e-05
decided,6.423570322404814e-05
favorite,6.421930910839146e-05
ruled,6.393686266291482e-05
saying,6.375619708060747e-05
communication,6.371537826236708e-05
tom cruise,6.351809886118893e-05
events,6.348322836092037e-05
thanks,6.340343808394304e-05
cut ties,6.318252591457555e-05
19 vaccine,6.317084021652451e-05
picture,6.307579500470721e-05
lost brother,6.304422514779134e-05
australian,6.250369305513196e-05
date,6.243608570284827e-05
pilot,6.24330551732541e-05
aware,6.233675152372046e-05
qanon thing,6.230120406639869e-05
catholic,6.194909884799312e-05
brotherhood,6.169929845267641e-05
therapist,6.157423026495029e-05
likely,6.137410981053676e-05
washington post,6.108175926817254e-05
twice,6.045455730461686e-05
symptoms,5.996868485141015e-05
teigen,5.9646947320946145e-05
confirms,5.958989722162935e-05
consciousness,5.947071080682438e-05
island,5.933151903047574e-05
argument,5.897111920501336e-05
nominee,5.89639479615493e-05
white house,5.891227286512477e-05
boston,5.864275349328832e-05
playing,5.8145594005854934e-05
dark,5.8044024499187715e-05
really conspiracy,5.76729819783418e-05
actors,5.7496055504213225e-05
dancing,5.738633025314697e-05
later,5.738173188769874e-05
deleting,5.732980543085169e-05
band practice,5.710018282136522e-05
walking,5.653589065155331e-05
universe,5.652529979317168e-05
avoid vaccine,5.6486379956708126e-05
airstrikes syria,5.647622857593671e-05
signed,5.636773721956997e-05
policy,5.627669498578733e-05
recently,5.615808868168782e-05
psyop,5.599472558758979e-05
shifted,5.590361582586135e-05
restrict,5.586923396170327e-05
creepy,5.585385042841287e-05
powerful,5.567793285957279e-05
took,5.544834894993345e-05
cruise,5.5426934608221436e-05
rise,5.528506149738617e-05
threat,5.50779633632833e-05
communist,5.4989880072855484e-05
censoring,5.495779850047075e-05
mother law,5.481146145943675e-05
defeated,5.468878215195625e-05
attention,5.4667304027566133e-05
logs,5.448279730695828e-05
qanon casualties,5.4040427721172544e-05
truly,5.402953973107857e-05
reached covid,5.395181428742784e-05
weather,5.37044394192095e-05
difference,5.332464166602931e-05
beginning,5.320408741306813e-05
despite,5.313895145484071e-05
physical,5.275784834657483e-05
asked,5.262913970292224e-05
voice,5.2575786171510525e-05
facts,5.2560035388869046e-05
college,5.199611969973972e-05
actor,5.1945423253628094e-05
richard,5.189346749387589e-05
report button,5.1753106932436414e-05
changes,5.165537588350827e-05
shouldn,5.136512969419464e-05
fake news,5.135343115353097e-05
deadlier,5.130831262647033e-05
mayor,5.1098789828250394e-05
groups,5.109200114320659e-05
17 year,5.1080217223471583e-05
creator,5.088796369382424e-05
appeared,5.059403769303425e-05
winter,5.045118762989144e-05
harassing,5.0384199105442166e-05
jab,5.025598925970327e-05
riot dc,4.973187322220531e-05
outrage,4.905549357608941e-05
qanon followers,4.860978998884758e-05
shooter,4.8488391404193596e-05
stopped,4.818906431212297e-05
drop,4.787714303379175e-05
lack,4.781467660617591e-05
legend,4.7806884224571366e-05
thousands,4.691372220488311e-05
al qaeda,4.679169531348058e-05
impact,4.674333977260965e-05
awake,4.653428487170126e-05
30 30,4.64615055284812e-05
listening,4.6460187824474255e-05
inside,4.643860195101226e-05
near,4.613787991140531e-05
address,4.6035464720472006e-05
fauci,4.554144868863376e-05
al,4.551754984205626e-05
set,4.549820092804173e-05
2015,4.546399868504951e-05
restaurant,4.524446855807851e-05
fallen,4.4837190010914376e-05
division,4.481183586035613e-05
doctors,4.4745222491208264e-05
buying,4.449743028188282e-05
object,4.439165984056683e-05
english,4.4278675651379746e-05
pentagon,4.422973688425636e-05
victim,4.4158687324750784e-05
quote,4.415175520268138e-05
good article,4.408758234702737e-05
workers,4.360981959007631e-05
positive,4.36019699231324e-05
viral,4.318329568272843e-05
flying,4.305545021208534e-05
use report,4.288222773704421e-05
reserve,4.256573108050825e-05
sort,4.247017002050735e-05
relationship,4.2291662118042935e-05
awakening,4.217790387861253e-05
possible,4.213682816395783e-05
minds,4.200809288599909e-05
ruining,4.198149989548738e-05
private,4.1829216996783635e-05
mouth,4.166095256540788e-05
27,4.1623517158402316e-05
asian,4.156623083930334e-05
totally,4.109909008322119e-05
clearly,4.069486934709919e-05
somebody,4.0522891447519754e-05
teigen accidentally,4.0374404502731796e-05
beliefs,4.0233166721345116e-05
sponsor,4.018940241471052e-05
dropped,4.0095335957061156e-05
black eye,4.000183775884926e-05
provided,3.964414731596866e-05
okay,3.922657268625148e-05
60,3.907552755481587e-05
qanon just,3.904478600958224e-05
civil,3.9004500127031905e-05
nice,3.8838616190123804e-05
personal,3.8826754606889186e-05
dogs,3.851918837028484e-05
american airlines,3.844381433746209e-05
man richardson,3.813230144008682e-05
infamous,3.799398144708415e-05
pedophiles,3.7831667912646e-05
platform,3.776596472453941e-05
30 start,3.766723759446589e-05
affected,3.747169397363908e-05
dancing grave,3.738253964576234e-05
allow,3.680848702248722e-05
parasites,3.669575960923809e-05
assault,3.669387972281201e-05
tk,3.6679864073943424e-05
poisoned,3.6656273477293934e-05
orewins,3.635958996902542e-05
warns,3.617969364314883e-05
nominee dr,3.6059841552666564e-05
chinese,3.6001294272893837e-05
response,3.5999685229027476e-05
constitution,3.596333559549852e-05
family friends,3.594482649925332e-05
deadly,3.591823587232277e-05
brotherhood man,3.5762358556798436e-05
think lost,3.575251262498502e-05
tips,3.5457879832019506e-05
books,3.541477601881512e-05
increasing,3.5181917375367485e-05
uaps,3.497302505516448e-05
cares,3.49200733218459e-05
brother law,3.490593522805957e-05
score,3.481373065298177e-05
images,3.471337114763769e-05
games,3.417838239956652e-05
pro,3.3939068860400036e-05
girl,3.346101218071201e-05
offer,3.345698344315262e-05
world changed,3.3432898174782346e-05
light ufo,3.325775498874873e-05
clients,3.21769814411464e-05
qanon supporter,3.21510017896566e-05
help qanon,3.206580083222771e-05
sudden,3.177197087272076e-05
covid restrictions,3.159707758364116e-05
content outside,3.131189509101529e-05
value,3.127018477458589e-05
violating,3.111396253871344e-05
declassified,3.096190564148634e-05
course,3.087426908981403e-05
involving,3.0778766663931534e-05
bbc,3.0437152516301363e-05
quiet wars,3.0192374483636332e-05
24,2.992064387459896e-05
instagram,2.9871320233575452e-05
florida,2.9574985521045263e-05
kong,2.9486626158431056e-05
fb,2.9409047132101447e-05
rn,2.9369368559848696e-05
footage,2.9278602663763298e-05
leading,2.9253247057407165e-05
suspect,2.9164855358797508e-05
gain,2.898680387295172e-05
experiments,2.8964495048021117e-05
rules engage,2.8899104465083518e-05
psychology conspiracy,2.8702286587164587e-05
dna,2.8653217705974804e-05
papers,2.8603867341664836e-05
terrorist,2.8459979414910783e-05
carries,2.8371301152438033e-05
richardson tk,2.8200133386553106e-05
pushing,2.8190422556781367e-05
qaeda,2.7840458619509934e-05
video society,2.7828673899811986e-05
trump conspiracy,2.7620538265828603e-05
january,2.743818103534153e-05
yelling,2.743321370495676e-05
worried dad,2.6824364544742625e-05
mod orewins,2.6715965297896423e-05
handle,2.6629467771110243e-05
engage bad,2.6496092763935475e-05
est,2.648233371650805e-05
harris,2.646072304397591e-05
richard myers,2.6335356859528027e-05
ron,2.6014483762671755e-05
militia,2.600174488110682e-05
reportedly,2.591438821186289e-05
season,2.5791855483244642e-05
rachel levine,2.5712032523158524e-05
richardson,2.5364002840896348e-05
wondering,2.5318182551000538e-05
vaxx,2.516758924618664e-05
begin,2.516217955925591e-05
immigration,2.5007206479461387e-05
18,2.4942293244389826e-05
virtue signaling,2.4936554997969423e-05
puppet,2.4826794265416356e-05
promoting,2.4759830709247475e-05
hhs,2.475051857165713e-05
shaped,2.4679420109925436e-05
remove,2.3968795968565085e-05
vaccine mrna,2.3896475141997304e-05
available,2.3805992589379003e-05
submission statement,2.366668334359552e-05
bombing syria,2.332943358361954e-05
best way,2.3290021533620064e-05
don understand,2.3273327772016806e-05
logo,2.3080139089583644e-05
capitol police,2.303168243229961e-05
helped,2.2988042758901262e-05
boxes,2.2960959376665005e-05
plandemic,2.2689397859943696e-05
hong kong,2.2609277477087863e-05
detailed,2.220863555885075e-05
condition,2.2207978127340634e-05
receiving,2.1887855247875533e-05
hong,2.185390294661323e-05
spike,2.1729687183228142e-05
communities,2.151079906896537e-05
low,2.1419265414583807e-05
bank,2.1240015554372253e-05
rates,2.103080477174528e-05
retired,2.0783616244511262e-05
york times,2.0734930860448332e-05
reached peak,2.0709654189474077e-05
human trafficking,2.0697880701525964e-05
sovereign,2.0667431542493255e-05
ill,2.0560967435394933e-05
professional,2.0491094152480524e-05
friends family,2.043328613854242e-05
appears,2.041348755019075e-05
scene,2.033860679653917e-05
voter,2.0268398631545324e-05
rule,2.026406894763845e-05
strange file,2.014966483365596e-05
mind control,2.0100290915064195e-05
used implant,2.0035492567418033e-05
violent,1.997290965813148e-05
atf,1.990694489926734e-05
gay,1.9899274971369632e-05
alive,1.988503318359481e-05
peak,1.9804772035692515e-05
realized,1.9569614166226243e-05
ruined,1.9393031076432283e-05
experimental,1.917070582702938e-05
approved,1.8930733742441555e-05
questioning,1.885568715941616e-05
parties,1.880448223293912e-05
messages,1.868833093473519e-05
gitmo,1.8435970619947567e-05
victim qanon,1.8399884396672047e-05
respect,1.8273316577652903e-05
block,1.81295606885513e-05
walked,1.8084068829757013e-05
khashoggi,1.799428161720207e-05
worked,1.7907896656953486e-05
used qanon,1.7848649021626592e-05
shocking,1.7803872661356675e-05
link provided,1.7733604916458888e-05
data,1.7596653851059337e-05
talks,1.7595167564115368e-05
half,1.7587771439997595e-05
reasoning,1.748272334555658e-05
virtual,1.7472686913957676e-05
rover,1.7467950638532317e-05
extra,1.741430345788834e-05
odal rune,1.7398236444115614e-05
hhs nominee,1.7373213506441952e-05
button posts,1.7248950595947e-05
disease,1.7240864860190867e-05
civil war,1.708856244567936e-05
broken,1.6961259146249035e-05
anal,1.6795105285489465e-05
assassination,1.6765748989918016e-05
users personal,1.655918359300111e-05
effective,1.6457768853337694e-05
tonight,1.6173860715107977e-05
legend chrissy,1.6154081951127696e-05
rune,1.6096637110678416e-05
decisions,1.604598268579099e-05
cult deprogramming,1.598851569020579e-05
really like,1.5985741627459094e-05
record,1.5985550410999476e-05
artist,1.5971640171388288e-05
lost uncle,1.5810354897133866e-05
outside rules,1.5783235095592758e-05
mom lost,1.5155889308157127e-05
wonderful,1.5063126430238738e-05
close,1.5047015804661738e-05
results,1.4921716958605017e-05
dozens,1.4731798242719152e-05
virtue,1.4494897228900887e-05
worried mom,1.431480796800766e-05
venting,1.426044898168156e-05
homes,1.4221386560749192e-05
harassing users,1.4197413556064105e-05
massive,1.4029049109991063e-05
hour,1.3923828074688533e-05
leads,1.3801745502627593e-05
verge,1.3799333767417458e-05
administration,1.3587964539934914e-05
huge,1.3543391359022147e-05
2017,1.3364350990412374e-05
34,1.327084902309899e-05
literally,1.3254430817469624e-05
multiple,1.291985303792654e-05
chief,1.2765102705004988e-05
users use,1.2760665484855439e-05
media request,1.26402137916583e-05
barely,1.2574682055626042e-05
reported,1.2444714891385001e-05
average,1.2405483725811902e-05
alert,1.2051461503731496e-05
19 mortality,1.189798700216435e-05
45,1.1797427965588075e-05
won listen,1.172176584371432e-05
known,1.1632955449295453e-05
ground,1.1523082502645001e-05
time time,1.1395268030172735e-05
antifa,1.1312724060403719e-05
officials,1.1251656766916401e-05
timeline,1.0996909041930192e-05
khashoggi death,1.0923930468841308e-05
doubled,1.0846580920566956e-05
newsom,1.0638244802284352e-05
wray,1.0471207165600101e-05
pull,1.0460980568399652e-05
black people,1.0372935002353402e-05
roommate,1.0060141585924488e-05
storm,9.82738216195294e-06
believes trump,9.75037013554993e-06
virginia,9.689320796643879e-06
ufo uaps,9.552582303881974e-06
quietly,9.547298051801776e-06
voter fraud,9.540326328543459e-06
pcr tests,9.419052853609855e-06
positions,9.300885693611413e-06
wouldn,9.272992161191627e-06
support group,9.235099049560773e-06
lost best,9.154717398356128e-06
miss mom,9.144465596706901e-06
lost daughter,9.089796098523664e-06
italian,8.900118567791147e-06
host,8.897928361565675e-06
corruption,8.843963370136351e-06
000 000,8.75276896217157e-06
dies,8.60035251511272e-06
leaked video,8.473745260897118e-06
foreign,8.448028369668093e-06
zegan,8.345495273341706e-06
odal,8.169125092151299e-06
quits,8.07733234682175e-06
indian,7.971786394691016e-06
personal messages,7.90519986944159e-06
era,7.889360346855255e-06
cpac 2021,7.886564507720856e-06
variants,7.825760254388007e-06
know qanon,7.82327298311305e-06
000 deaths,7.788944653419404e-06
haven,7.3364056351554636e-06
wahlberg possibly,7.0980488407812166e-06
mother qanon,7.047616869305274e-06
crime,6.900357494086559e-06
smart,6.838197592448272e-06
joins,6.530683110458465e-06
backed,6.139038692588362e-06
summer,6.118621608699544e-06
restrictions,6.10708246330638e-06
resumes bombing,5.9680066828023475e-06
hotel,5.805666400266509e-06
rna,5.493444196619428e-06
vaccine saying,5.344104372772314e-06
area,5.105554226602526e-06
implant,5.057347384141169e-06
airstrike,4.955554434854921e-06
medically inducing,4.637045525697854e-06
mrna transfer,4.59246483678955e-06
zegan california,4.432890578108209e-06
lost dad,4.3987806015526386e-06
vaccine rollout,4.366733714483424e-06
youth,4.125327397376106e-06
31,4.026890392582224e-06
family qanon,3.974064924462827e-06
legal,3.8075924596310273e-06
heart,3.6657237454091944e-06
strikes,3.6647975367103676e-06
retard,3.363048244352885e-06
000 covid,3.2775510761151776e-06
mrna used,3.224248927089273e-06
rollout increased,3.2220074362492e-06
apolitical,3.177084323958571e-06
biden administration,3.128923146725444e-06
transfer memories,3.0627875187005733e-06
giving,2.9349354014501883e-06
inducing,2.925176916288694e-06
implant memories,2.8207098673082224e-06
mentally ill,2.761780004009789e-06
rollout,2.755782824522036e-06
resumes,2.5453069352902874e-06
rachel,2.4469677643958744e-06
vulnerable,2.354665979722533e-06
just posted,2.3446259801101784e-06
reason avoid,2.3142449676304254e-06
educated,2.1654424212802172e-06
attacks pre,2.1362382787226365e-06
retired borat,1.9477492017250213e-06
500 000,1.9417695048633986e-06
medically,1.921908276568581e-06
audio,1.9056260967298508e-06
11 warnings,1.8884061877131332e-06
row,1.882944485075917e-06
transfer,1.8099319055896605e-06
admins,1.7996217472323432e-06
posts comments,1.6602383757016495e-06
thoroughly,1.643434818839497e-06
alleged,1.497557889190275e-06
archive,1.435367023074535e-06
trump era,1.0816640861446198e-06
bots,1.0758243381503627e-06
air,1.032107201847457e-06
fully,1.0213884969888225e-06
mining communities,9.156188436411217e-07
qanon supporters,8.829820056403731e-07
word retard,8.623141885480024e-07
militias,7.935805240655144e-07
jeffery epstein,6.462141160278892e-07
jeffery,6.087534267313642e-07
democrat,5.616538870916902e-07
uk government,5.526495064002993e-07
19 pandemic,5.301623964407339e-07
11 timeline,5.244352874282764e-07
vaccination,5.03158815005883e-07
read cult,3.2011185943270815e-07
reach qanon,3.017094841383507e-07
attending,2.9694171851778425e-07
extraordinary,2.3646897880390523e-07
real effing,1.826013634577847e-07
robert,1.3869855359013948e-07
mining,1.3516876869626475e-07
quick conclusion,0.0
government medically,0.0
harassment,0.0
wahlberg,0.0
curtain,0.0
really played,0.0
